anomaly_type,mahalanobis,isolation_forest,lof,ocsvm,autoencoder,tree_disagreement
global_shift,0.7817761213211669,0.998843336332091,0.7886518442359594,0.7064644647217582,0.8652486826886004,0.9899755815447886
sensor_drift,0.568484258357676,0.659255652926539,0.5560965054635941,0.5379746835443039,0.47414259439575895,0.5941252839987017
sensor_noise,0.8093959731543623,0.5612975391498881,0.6782997762863534,0.6472035794183446,0.6536912751677852,0.5751677852348993
sensor_spike,0.8572706935123042,0.6123042505592842,0.7357941834451902,0.7299776286353468,0.7460850111856823,0.532662192393736
stuck_sensor,0.4704697986577181,0.4395973154362416,0.46778523489932883,0.4740492170022371,0.4736017897091723,0.4691275167785235
