{
  "n_features": 444,
  "bottleneck": 32,
  "best_internal_val_mse": 0.9600333571434021,
  "train_losses": [
    0.9534307159004604,
    0.900641253797438,
    0.8286582841358332,
    0.7735185902039006,
    0.7364489897357774,
    0.7060777045460777,
    0.6814633221736603,
    0.6599025086602699,
    0.6413477731241358,
    0.62478048122634,
    0.6110533672770375,
    0.6031038865332126,
    0.5971520088019285,
    0.5868781261088609,
    0.5793585300752008,
    0.5673214210182964,
    0.5614129719360322,
    0.5524894193695873,
    0.544794069464225,
    0.5384761671174155,
    0.5325336762749444,
    0.5271061370029547,
    0.5205927860461042,
    0.5132967368496107,
    0.5076405724706871,
    0.5017403661438616,
    0.4975424875483721,
    0.4924247961271085,
    0.48901006985446177,
    0.4848750352399821,
    0.48010355356726364,
    0.47586399538964413,
    0.4716842522351478,
    0.4694540313705993,
    0.46593373615514955,
    0.46422695883748466,
    0.4608423476966917,
    0.4579287021203029,
    0.4584949765076674,
    0.45685540649149287,
    0.4506225712348379,
    0.44511122668310427,
    0.44169971546048065,
    0.4398237941810588,
    0.4366987729133861,
    0.4325946680531097,
    0.4302149084049509,
    0.4290452705250914,
    0.42405651789397997,
    0.4206785585702538,
    0.4181734390920722,
    0.4137130846247881,
    0.41114078381680585,
    0.4097578022964203,
    0.40894767603714854,
    0.4064196463875415,
    0.40375574243405793,
    0.4009032413401763,
    0.39944001902038456,
    0.3967188190678398,
    0.39400156030005234,
    0.39110284829201,
    0.38899552462033565,
    0.38515613532617954,
    0.3841456490494598,
    0.3819787662409265,
    0.3794377285288048,
    0.3774809042868087,
    0.37548875333717363,
    0.3753901530813742,
    0.3734531839280018,
    0.3708796213096089,
    0.36845431834995596,
    0.3666972827482346,
    0.3659413903568582,
    0.3676097761542754,
    0.36600033804812593,
    0.3644885035437606,
    0.362911999761905,
    0.36182012410887104,
    0.3646865147704637,
    0.3615516591194663,
    0.3607790165971055,
    0.3572136794999816,
    0.3553353843774771,
    0.3524341053858514,
    0.349370563321371,
    0.345945857561033,
    0.3435970457476638,
    0.34254470896598305,
    0.34011573871181067,
    0.3385018688700806,
    0.33879147381892855,
    0.3401273406256747,
    0.3440682550169202,
    0.3405472276143366,
    0.3378201047375147,
    0.3349307606949598,
    0.3372781536419778,
    0.34692093071104013
  ],
  "val_losses": [
    1.1756635904312134,
    1.1268088817596436,
    1.0833920240402222,
    1.063942313194275,
    1.0393385887145996,
    1.0242583751678467,
    1.0115959644317627,
    1.0021783113479614,
    0.9924929738044739,
    0.9861040711402893,
    0.9807062149047852,
    0.9766569137573242,
    0.9783424139022827,
    0.9735097289085388,
    0.9726646542549133,
    0.9700714349746704,
    0.97020024061203,
    0.966715931892395,
    0.9681007266044617,
    0.9686297178268433,
    0.9656261205673218,
    0.9645572900772095,
    0.961588978767395,
    0.9619064927101135,
    0.9630126953125,
    0.9615932703018188,
    0.961029052734375,
    0.9605641961097717,
    0.9610164761543274,
    0.9600333571434021,
    0.9635045528411865,
    0.9619400501251221,
    0.960976779460907,
    0.9622442722320557,
    0.960999071598053,
    0.964729905128479,
    0.9612594246864319,
    0.972276508808136,
    0.9663665890693665,
    0.9698995351791382,
    0.9721916913986206,
    0.962340772151947,
    0.9675775170326233,
    0.9677871465682983,
    0.9669619798660278,
    0.9645780920982361,
    0.9748926162719727,
    0.9742424488067627,
    0.969907820224762,
    0.9677011966705322,
    0.9669802188873291,
    0.9691925644874573,
    0.9676593542098999,
    0.9709126353263855,
    0.9716240167617798,
    0.9746950268745422,
    0.9724213480949402,
    0.974337637424469,
    0.9718368053436279,
    0.9705713391304016,
    0.977634608745575,
    0.9747059345245361,
    0.9780086278915405,
    0.9863135814666748,
    0.9819667339324951,
    0.9798025488853455,
    0.9789772033691406,
    0.9813905954360962,
    0.9799994230270386,
    0.9786762595176697,
    0.9803140759468079,
    0.983928382396698,
    0.9788084030151367,
    0.9851180911064148,
    0.9832067489624023,
    0.989811897277832,
    0.9885770082473755,
    0.9852328896522522,
    0.9948217272758484,
    0.9908046722412109,
    1.0018612146377563,
    0.9987392425537109,
    1.0048799514770508,
    1.0088087320327759,
    0.9984350204467773,
    1.0043854713439941,
    1.0083359479904175,
    1.0081034898757935,
    1.0052380561828613,
    1.0052379369735718,
    1.0071595907211304,
    1.0061917304992676,
    1.0069516897201538,
    1.0079182386398315,
    1.01298189163208,
    1.013769268989563,
    1.021958589553833,
    1.0096534490585327,
    1.0241740942001343,
    1.0318683385849
  ]
}